item,frequency
oss,0.000352175686993
katt,0.0013356907153
ost,0.000160340150176
telefon,0.000133139588985
vill,0.00305791572121
gullig,0.000233352182845
andra,0.000725825501242
spik,6.01275563159e-05
häst,0.00179810025554
tv,5.72643393485e-06
där,0.0187912929572
öga,8.58965090227e-05
under,0.000355038903961
gör,0.00946865851127
vem,0.00307795823998
tröja,9.87809853761e-05
ta,0.00270001360028
dela,0.000137434414436
kasta,0.000131707980501
tanka,5.44011223811e-05
rädd,0.000551169266229
dagis,0.000130276372018
törstig,2.57689527068e-05
skinka,8.58965090227e-06
trappa,3.14953866417e-05
vass,4.29482545114e-05
nötter,2.0042518772e-05
din,0.00155759003028
choklad,0.00017751945198
tre,0.000370786597281
ge,0.000257689527068
börs,2.86321696742e-06
sand,0.000203288404687
kittla,5.72643393485e-06
golv,8.58965090227e-06
upp,0.00328554147012
bygga,0.000714372633372
jordgubbe,5.72643393485e-06
lärare,4.58114714788e-05
hitta,0.000645655426154
tittut,0.000130276372018
också,0.00462552701087
gå,0.00155902163876
farmor,5.72643393485e-06
bakom,0.000193267145301
någon,0.000146024065339
folk,7.15804241856e-06
hjul,0.000174656235013
försöka,0.00021617288104
nej,0.000608433605578
lampa,0.000110233853246
hår,0.00023907861678
välling,8.73281175064e-05
axel,1.71793018045e-05
måne,6.29907732833e-05
tå,3.72218205765e-05
ner,0.00171649857197
med,0.000173224626529
full,6.01275563159e-05
prata,0.000310659040965
kyrka,4.29482545114e-05
näsa,0.000153182107757
boll,0.000429482545114
hungrig,7.15804241856e-06
blöja,3.72218205765e-05
lera,1.43160848371e-05
mer,0.00167068710049
människor,7.15804241856e-05
pingvin,2.0042518772e-05
varenda,2.57689527068e-05
honom,0.0006943301146
pärlor,1.71793018045e-05
vänta,0.000635634166768
hälla,0.000476725625076
bassäng,7.4443641153e-05
röra,0.000125981546567
dra,0.000213309664073
ponny,4.86746884462e-05
tofflor,4.58114714788e-05
medicin,3.14953866417e-05
riva,1.71793018045e-05
vid,6.87172072182e-05
hennes,0.000734415152144
brr,2.86321696742e-06
bajsa,4.86746884462e-05
vit,0.000171793018045
bulle,0.000375081422733
apa,8.87597259901e-05
läsa,0.000757320887884
middag,1.43160848371e-06
stjärna,5.58327308648e-05
älg,3.72218205765e-05
skjorta,3.43586036091e-05
kunde,0.00057836982742
landet,0.000121686721116
kött,8.01700750879e-05
vatten,0.00056691695955
slänga,0.00015031889079
ljus,0.000157476933208
åsna,5.72643393485e-06
snö,5.44011223811e-05
glass,0.000558327308648
öra,5.44011223811e-05
få,0.00113526552758
baby,2.86321696742e-05
pussel,0.000221899314975
bror,2.86321696742e-06
glad,0.00025053148465
det,0.00129417406928
mu,4.86746884462e-05
sönder,0.000634202558284
cykel,0.000121686721116
den,0.0212307538134
kamera,4.00850375439e-05
lång,0.000436640587532
tak,4.86746884462e-05
morot,1.57476933208e-05
skoja,0.000113097070213
hon,0.00575220288755
pojke,0.00071723585034
höra,0.000409440026342
lamm,0.00017751945198
till,0.00192551341059
lejon,0.000113097070213
polis,0.000140297631404
gaffel,3.72218205765e-05
pizza,2.57689527068e-05
grädde,0.000108802244762
heta,0.00136002805953
byxa,0.000221899314975
skaka,5.72643393485e-06
tack,0.000775931798172
fat,1.43160848371e-05
fluga,6.58539902507e-05
gammal,0.000234783791329
plåster,5.58327308648e-05
man,0.00646943873789
först,0.000700056548535
macka,2.29057357394e-05
morfar,7.15804241856e-06
stänga,0.000323543517319
tala,9.4486159925e-05
sa,0.00266565499667
se,0.00322827713077
haka,4.58114714788e-05
tåg,0.000241941833747
varg,8.01700750879e-05
bensin,4.29482545114e-05
varm,9.87809853761e-05
trottoar,8.58965090227e-06
le,2.29057357394e-05
alla,0.0016520761902
dansa,9.73493768924e-05
källare,1.14528678697e-05
gubbe,0.000589822695289
smaka,0.000396555549988
torr,1.71793018045e-05
blå,0.000264847569487
liten,0.00567203281247
fin,0.000964904118022
fil,6.01275563159e-05
dag,8.58965090227e-05
ägg,0.000131707980501
spela,0.000370786597281
dusch,0.000105939027795
ställa,0.0004395038045
leksak,4.29482545114e-06
lunch,1.14528678697e-05
ärtor,8.58965090227e-06
sova,0.000753026062432
köpa,0.000460977931755
komma,0.0035332097378
snabb,2.57689527068e-05
gata,2.86321696742e-06
stygg,2.86321696742e-06
gapa,3.43586036091e-05
en,0.0151850711867
krita,8.30332920553e-05
fisk,0.000458114714788
vitaminer,5.72643393485e-06
tänka,0.000476725625076
zebra,3.86534290602e-05
banan,0.000143160848371
glasögon,1.43160848371e-06
låta,0.000207583230138
krokodil,6.58539902507e-05
god,0.000395123941504
krama,7.4443641153e-05
hjälpa,0.000631339341317
ren,5.58327308648e-05
mata,0.00111092818336
deras,6.29907732833e-05
sluta,0.000568348568034
helikopter,8.87597259901e-05
pulka,3.72218205765e-05
tillbaka,2.14741272557e-05
sätta,0.00169216122775
läppar,2.57689527068e-05
tårta,0.000163203367143
mössa,0.000164634975627
kniv,9.16229429576e-05
stjärt,4.58114714788e-05
tyst,1.86109102883e-05
bredvid,1.28844763534e-05
svart,0.000113097070213
bära,0.000117391895664
dörr,0.000217604489524
städa,7.4443641153e-05
sås,4.00850375439e-05
försiktig,1.14528678697e-05
såg,0.000668561161893
klänning,0.000163203367143
äpple,0.00011166546173
vaken,8.58965090227e-06
lego,0.000131707980501
potta,1.43160848371e-05
affär,0.000194698753785
ingen,0.0014330400922
bita,0.000807427184813
flagga,1.71793018045e-05
syster,2.29057357394e-05
kanin,0.00047815723356
tom,9.16229429576e-05
vilka,0.000148887282306
mjau,1.43160848371e-05
päron,3.86534290602e-05
spenat,1.28844763534e-05
shorts,1.43160848371e-05
park,4.29482545114e-06
öppna,0.000488178492946
paket,0.000337859602156
hus,0.000309227432482
gumma,4.29482545114e-06
bräda,6.01275563159e-05
kind,2.86321696742e-05
ben,0.000310659040965
knapp,7.01488157019e-05
laga,0.000373649814249
varje,6.58539902507e-05
lägga,0.00184677494399
hur,0.00158908541692
bröd,5.72643393485e-05
kudde,7.4443641153e-05
kratta,3.57902120928e-05
mina,0.00045525149782
plaska,3.43586036091e-05
juice,1.43160848371e-05
sax,3.72218205765e-05
idag,2.0042518772e-05
kuckeliku,1.14528678697e-05
staden,1.86109102883e-05
spade,4.72430799625e-05
gräs,0.000143160848371
igår,4.29482545114e-06
lastbil,4.29482545114e-06
hamburgare,8.58965090227e-06
mig,5.44011223811e-05
zoo,1.14528678697e-05
ramla,0.000589822695289
groda,5.44011223811e-05
täcke,5.86959478322e-05
måste,0.00102073684889
dessa,8.58965090227e-06
koka,4.00850375439e-05
kompis,0.000293479739161
kan,0.0116719039677
kam,2.0042518772e-05
regn,0.00015031889079
vantar,5.15379054136e-05
visa,0.000436640587532
därför,0.000101644202344
kloss,3.43586036091e-05
skidor,4.29482545114e-05
sist,0.000108802244762
falla,0.000233352182845
soffa,3.14953866417e-05
stranden,6.58539902507e-05
morgon,5.72643393485e-06
blåsig,0.000183245885915
varför,0.000372218205765
cirkus,0.000157476933208
båt,0.000798837533911
bada,0.000947724816217
salt,2.0042518772e-05
strumpa,7.4443641153e-05
doktor,6.58539902507e-05
ugn,3.14953866417e-05
saga,5.72643393485e-05
jacka,5.58327308648e-05
radio,1.43160848371e-05
nasse,1.43160848371e-05
klister,3.43586036091e-05
bättre,0.00042805093663
och,0.000479588842043
buss,0.000459546323272
himmel,1.43160848371e-05
jag,0.000481020450527
sparka,0.000154613716241
leka,0.000999262721631
handla,0.000244805050715
grön,0.000263415961003
kaka,0.000269142394938
från,0.000294911347645
tända,0.000395123941504
overall,8.58965090227e-06
stor,0.00134141714924
stol,0.000473862408109
mormor,1.14528678697e-05
gröt,0.000148887282306
kopp,3.72218205765e-05
du,0.0436540374938
chips,1.43160848371e-05
lyssna,0.00010021259386
klocka,3.72218205765e-05
varsågod,2.86321696742e-05
runt,0.000393692333021
fröken,2.0042518772e-05
åka,0.00178092095374
för,0.00686313107091
ringa,0.000294911347645
gran,7.73068581204e-05
smutsig,1.14528678697e-05
låtsas,5.72643393485e-06
giraff,0.000101644202344
smör,0.000237647008296
skulle,0.00116962413119
skriva,0.000108802244762
vind,1.43160848371e-05
arg,0.000286321696742
sen,0.00195700879723
torka,0.000302069390063
trasig,1.0021259386e-05
arm,0.00025053148465
barn,0.00073298354366
mus,0.000323543517319
borste,0.000362196946379
flicka,0.000369354988798
simma,0.000209014838622
russin,2.72005611905e-05
finger,1.71793018045e-05
mun,0.000104507419311
råtta,6.87172072182e-05
rita,0.000999262721631
men,0.00738137334202
fjäril,0.000120255112632
frukost,6.01275563159e-05
marmelad,5.72643393485e-06
kex,4.00850375439e-05
ja,0.0320708932521
mage,0.000343586036091
ett,0.00251819932285
höna,0.000206151621655
skräp,3.14953866417e-05
trött,0.000130276372018
gjorde,0.00214598111708
garderob,6.29907732833e-05
träd,0.00015031889079
samma,0.000161771758659
kälke,1.14528678697e-05
springa,0.000446661846918
jeans,2.86321696742e-06
fattig,0.000134571197469
badet,1.43160848371e-05
säga,0.000123118329599
matta,3.14953866417e-05
nalle,0.000502494577783
själv,0.00052826353049
dum,7.73068581204e-05
traktor,0.000463841148723
gömma,0.00010021259386
tycka,0.00281883710443
sked,0.000217604489524
måla,0.000509652620201
spilla,4.29482545114e-05
pengar,0.000180382668948
hård,2.0042518772e-05
tiger,4.29482545114e-05
orange,5.72643393485e-05
fest,1.71793018045e-05
lingon,5.72643393485e-06
bild,0.000343586036091
snäll,0.0003163854749
tvätta,0.000446661846918
knä,0.000101644202344
tand,0.000171793018045
hålla,0.000966335726506
klättra,0.00017751945198
ansikte,2.86321696742e-05
när,0.00378946765639
klippa,0.000123118329599
servett,2.86321696742e-06
vi,0.016351832101
is,4.86746884462e-05
ris,3.14953866417e-05
pippi,0.000446661846918
gris,0.000503926186267
slicka,3.72218205765e-05
flaska,7.15804241856e-06
pyjamas,6.01275563159e-05
gård,4.00850375439e-05
sjuk,0.000290616522194
svår,3.57902120928e-05
bok,0.00100498915557
på,0.0128973608298
hämta,0.00071723585034
omkring,3.00637781579e-05
gås,2.29057357394e-05
anka,0.00021617288104
elefant,0.000382239465151
skog,0.000171793018045
flingor,2.29057357394e-05
hand,0.000565485351066
sopa,4.86746884462e-05
tunn,1.14528678697e-05
hans,0.014369054351
halsband,1.43160848371e-06
tung,2.57689527068e-05
sallad,1.14528678697e-05
i,0.0116003235435
sjunga,0.000353607295477
önska,0.000166066584111
myra,3.86534290602e-05
mamma,0.00257832687917
slå,0.000173224626529
älska,1.43160848371e-05
säng,0.000376513031216
hallon,4.29482545114e-05
trosor,2.86321696742e-06
röd,0.000336427993672
svans,0.000213309664073
kall,0.000485315275978
gurka,2.86321696742e-06
två,0.000807427184813
saft,0.000234783791329
kjol,1.14528678697e-05
sandal,5.72643393485e-06
dålig,4.29482545114e-06
hoppa,0.000684308855214
natt,0.00011166546173
huvud,3.14953866417e-05
ska,0.0172036391488
hink,2.57689527068e-05
mjuk,2.14741272557e-05
sko,5.15379054136e-05
titta,0.00495479696213
bio,3.14953866417e-05
bil,0.00245950337502
djur,0.000743004803046
arbeta,1.71793018045e-05
tomat,5.72643393485e-06
gräva,0.000206151621655
kök,5.72643393485e-06
skorpa,1.43160848371e-05
docka,0.000282026871291
innan,0.000144592456855
kalsonger,1.43160848371e-05
clown,0.000323543517319
hammare,6.29907732833e-05
garage,4.00850375439e-05
godis,0.000363628554863
söt,8.30332920553e-05
hund,0.00106511671188
vägg,4.86746884462e-05
mycket,3.00637781579e-05
läsk,3.72218205765e-05
bort,0.00132996428137
hög,4.58114714788e-05
pall,0.000103075810827
kyckling,7.15804241856e-05
bord,7.01488157019e-05
fot,0.000130276372018
blomma,0.000460977931755
vår,8.87597259901e-05
björn,0.000438072196016
sitta,0.00330987881434
vovve,0.000115960287181
skål,9.59177684087e-05
soppa,2.0042518772e-05
tappa,0.000101644202344
klappa,0.000178951060464
hare,0.0138379276036
rum,6.87172072182e-05
gråta,5.72643393485e-05
sten,0.000157476933208
bi,5.44011223811e-05
burk,5.72643393485e-05
plocka,0.000196130362269
mjölk,0.000459546323272
tomte,0.000701488157019
spagetti,2.29057357394e-05
kappa,1.14528678697e-05
om,0.00482165737314
stege,0.000123118329599
här,0.0125151213646
napp,0.000137434414436
låda,8.58965090227e-05
vakna,5.15379054136e-05
papper,5.72643393485e-06
inte,0.0115244482939
potatis,5.58327308648e-05
stanna,0.000164634975627
mörk,8.87597259901e-05
sol,0.000190403928334
pussa,0.00012741315505
kissa,0.000337859602156
bryta,1.71793018045e-05
socka,0.000186109102883
gunga,0.000237647008296
päls,2.72005611905e-05
dricka,0.000631339341317
vad,0.000549737657745
skola,6.29907732833e-05
var,0.00389826990115
bondgård,1.86109102883e-05
över,0.0003163854749
hej,0.000803132359362
skynda,4.58114714788e-05
ballong,0.000211878055589
pinne,7.15804241856e-05
stå,0.000519673879587
flyga,0.000950588033185
tupp,0.000120255112632
kalas,0.000166066584111
ha,0.0117463476089
fort,0.000214741272557
ute,0.000879007608999
ut,0.00268283429848
nycklar,1.14528678697e-05
tvål,0.000105939027795
köra,0.00205292656564
kaffe,0.0003779446397
brun,7.15804241856e-05
filt,1.57476933208e-05
ko,9.01913344738e-05
efter,0.000592685912257
penna,0.000117391895664
moln,2.0042518772e-05
av,0.00119825630087
många,0.00100785237253
fågel,0.000246236659198
makaroner,2.86321696742e-05
pappa,0.00260266422339
ny,0.000236215399812
ovanför,1.43160848371e-06
får,0.00949585907246
glas,0.000143160848371
tid,0.00020042518772
nu,0.00960609292571
backa,0.00017751945198
apelsin,3.14953866417e-05
skära,0.000148887282306
korg,8.4464900539e-05
våt,6.01275563159e-05
kort,0.000206151621655
skärp,1.71793018045e-05
korv,0.00010021259386
faster,0.000654245077056
väska,8.16016835716e-05
äta,0.00136145966801
uggla,8.58965090227e-05
hemma,0.000482452059011
kläder,0.000317817083384
några,3.86534290602e-05
tidning,0.000114528678697
fönster,4.72430799625e-05
är,0.00120970916874
