item,probability,frequency
inte,0.000280595262808,0.0115244482939
stranden,0.000280595262808,6.58539902507e-05
häst,0.00179876720946,0.00179810025554
röd,0.000335986735418,0.000336427993672
gård,3.94345665552e-05,4.00850375439e-05
hus,0.00030876571115,0.000309227432482
katt,0.00133600665554,0.0013356907153
ost,0.00015976757329,0.000160340150176
telefon,0.000132547289017,0.000133139588985
tåg,0.000241429678958,0.000241941833747
ge,0.000257189144932,0.000257689527068
radio,1.91671445923e-06,1.43160848371e-05
andra,0.000280595262808,0.000725825501242
lamm,0.000176959478148,0.00017751945198
senare,0.000280595262808,0.00195700879723
haka,0.000280595262808,4.58114714788e-05
fågel,0.000245727712782,0.000246236659198
kanin,0.000477822953486,0.00047815723356
le,2.10771572527e-06,2.29057357394e-05
henne,0.000280595262808,0.000734415152144
alla,0.000280595262808,0.0016520761902
skada,0.000280595262808,1.71793018045e-05
tv,3.0660801985e-07,5.72643393485e-06
där,0.0188048642767,0.0187912929572
träd,0.00014973900852,0.00015031889079
öga,8.52713387615e-05,8.58965090227e-05
natt,0.000111057908674,0.00011166546173
sjunga,0.000280595262808,0.000353607295477
huvud,2.84068966353e-06,3.14953866417e-05
under,0.000280595262808,0.000355038903961
blå,0.000264352545845,0.000264847569487
mjuk,0.000298000696529,2.14741272557e-05
sparka,0.000280595262808,0.000154613716241
vem,0.00307959695431,0.00307795823998
fin,0.000964938694243,0.000964904118022
leka,0.000280595262808,0.000999262721631
tröja,0.000280595262808,9.87809853761e-05
ta,0.00270136533485,0.00270001360028
hej då,0.000280595262808,2.0042518772e-05
bil,0.00246067249151,0.00245950337502
kasta,0.000280595262808,0.000131707980501
kaka,0.000280595262808,0.000269142394938
ägg,0.000131114653058,0.000131707980501
bä bä,0.000561190525615,7.58752496367e-05
åsna,0.000280595262808,5.72643393485e-06
kall,0.000484986408919,0.000485315275978
vov vov,0.000280595262808,6.01275563159e-05
overall,4.618558366e-07,8.58965090227e-06
dagis,0.0001296820184,0.000130276372018
törstig,0.000280595262808,2.57689527068e-05
sol,0.000189853458929,0.000190403928334
stol,0.000473524880557,0.000473862408109
lunch,9.21018636251e-07,1.14528678697e-05
gris,0.000503611396076,0.000503926186267
varsågod,5.60936773943e-06,2.86321696742e-05
trappa,0.000280595262808,3.14953866417e-05
skorpa,0.000280595262808,1.43160848371e-05
ärtor,0.000280595262808,8.58965090227e-06
kopp,3.65705199369e-05,3.72218205765e-05
docka,0.000280595262808,0.000282026871291
dansa,0.000280595262808,9.73493768924e-05
slå,0.000172661493752,0.000173224626529
mun,0.000103894877114,0.000104507419311
snabb,3.0671794334e-06,2.57689527068e-05
åka,0.00178157486557,0.00178092095374
nu,0.00961268898318,0.00960609292571
hammare,0.000280595262808,6.29907732833e-05
vill /vill ha,0.000280595262808,0.00305791572121
godis,0.000363207788496,0.000363628554863
stygg,1.41075064634e-07,2.86321696742e-06
knapp,6.95135736065e-05,7.01488157019e-05
smutsig,0.000280595262808,1.14528678697e-05
söt,8.24062380602e-05,8.30332920553e-05
hund,0.00106522731778,0.00106511671188
sch /hysch,0.000280595262808,6.01275563159e-05
giraff,0.000101029681905,0.000101644202344
upp,0.00328733780922,0.00328554147012
bryta,0.000280595262808,1.71793018045e-05
några,0.000280595262808,3.86534290602e-05
lärare,0.000280595262808,4.58114714788e-05
anka,0.000280595262808,0.00021617288104
smör,0.000237131647046,0.000237647008296
fisk,0.000457765282062,0.000458114714788
bort,0.00133027587531,0.00132996428137
tittut,0.0001296820184,0.000130276372018
tack,0.000775823054966,0.000775931798172
gå,0.00155950709824,0.00155902163876
farmor,0.000280595262808,5.72643393485e-06
kyckling,7.09460639597e-05,7.15804241856e-05
bakom,0.000192718793033,0.000193267145301
!!!!!,0.000280595262808,0.0
på,0.0129064562775,0.0128973608298
banan,0.000142575773884,0.000143160848371
trasig,0.000280595262808,1.0021259386e-05
arm,0.000250025748419,0.00025053148465
barn,0.000732842241309,0.00073298354366
köra,0.000280595262808,0.00205292656564
faster,0.000280595262808,0.000654245077056
blomma,0.000280595262808,0.000460977931755
nej,0.000608197926355,0.000608433605578
mus,0.000323092561993,0.000323543517319
garage,0.000280595262808,4.00850375439e-05
flicka,0.000280595262808,0.000369354988798
god,0.000394726930779,0.000395123941504
simma,0.000280595262808,0.000209014838622
krama,0.000280595262808,7.4443641153e-05
fat,1.91671445923e-06,1.43160848371e-05
russin,0.000211322609318,2.72005611905e-05
skål,9.52993261798e-05,9.59177684087e-05
dag,8.52713387615e-05,8.58965090227e-05
kittla,0.000280595262808,5.72643393485e-06
ren,5.51892371117e-05,5.58327308648e-05
finger,0.000280595262808,1.71793018045e-05
mata,0.000280595262808,0.00055546409168
måne,0.000280595262808,6.29907732833e-05
sluta,0.000280595262808,0.000568348568034
tå,3.65705199369e-05,3.72218205765e-05
ner,0.0017171035767,0.00171649857197
byxa,0.000280595262808,0.000221899314975
rita,0.000280595262808,0.000999262721631
äpple,0.000280595262808,0.00011166546173
lampa,0.000280595262808,0.000110233853246
gråta,0.000280595262808,5.72643393485e-05
sten,0.000156902265141,0.000157476933208
bi,5.37568776914e-05,5.44011223811e-05
näsa,0.000280595262808,0.000153182107757
boll,0.000429111476683,0.000429482545114
hungrig,0.000280595262808,7.15804241856e-06
blöja,0.000280595262808,3.72218205765e-05
röra,0.000280595262808,0.000125981546567
flingor,0.000280595262808,2.29057357394e-05
läsa,0.000280595262808,0.000757320887884
mer,0.00167125732757,0.00167068710049
människor,0.000280595262808,7.15804241856e-05
macka,0.000280595262808,2.29057357394e-05
stjärna,0.000280595262808,5.58327308648e-05
brrr,1.41075064634e-07,2.86321696742e-06
ja,0.032094549169,0.0320708932521
mage,0.000280595262808,0.000343586036091
pingvin,1.82897317837e-06,2.0042518772e-05
titta,0.000280595262808,0.00495479696213
pärlor,0.000280595262808,1.71793018045e-05
vänta,0.000280595262808,0.000635634166768
kaffe,0.000280595262808,0.0003779446397
skräp,2.84068966353e-06,3.14953866417e-05
låda,0.000280595262808,8.58965090227e-05
trött,0.0001296820184,0.000130276372018
mjölk,0.000459197972682,0.000459546323272
buss,0.000459197972682,0.000459546323272
hoppa,0.000280595262808,0.000684308855214
dra,0.000212776174525,0.000213309664073
ponny,4.80276331025e-05,4.86746884462e-05
fot,0.0001296820184,0.000130276372018
himmel,1.91671445923e-06,1.43160848371e-05
papper,3.0660801985e-07,5.72643393485e-06
tuff tuff,0.000561190525615,0.000140297631404
medicin,2.84068966353e-06,3.14953866417e-05
samma,0.000280595262808,0.000161771758659
städa,0.000280595262808,7.4443641153e-05
dålig,0.000280595262808,4.29482545114e-06
stanna,0.000280595262808,0.000164634975627
springa,0.000280595262808,0.000446661846918
jeans,0.000280595262808,2.86321696742e-06
leksak,6.54582726564e-05,4.29482545114e-06
försiktig,0.000280595262808,1.14528678697e-05
ut,0.00268417298874,0.00268283429848
pussa,0.000280595262808,0.00012741315505
säga,0.000280595262808,0.000123118329599
kisse,0.000280595262808,0.000337859602156
apa,8.8136457965e-05,8.87597259901e-05
socka,0.000280595262808,0.000186109102883
hjälpa,0.000280595262808,0.000631339341317
kex,3.94345665552e-05,4.00850375439e-05
nam nam,0.000561190525615,7.30120326693e-05
middag,2.0043119846e-05,1.43160848371e-06
nalle,0.000280595262808,0.000502494577783
gunga,0.000280595262808,0.000237647008296
varmt,0.000195584128797,0.000196130362269
traktor,0.000130432310317,0.000463841148723
skola,0.000280595262808,6.29907732833e-05
dricka,0.000280595262808,0.000631339341317
potta,0.000280595262808,1.43160848371e-05
affär,0.000194151460712,0.000194698753785
filt,0.000127987478638,1.57476933208e-05
ingen,0.000280595262808,0.0014330400922
vad,0.000549457534536,0.000549737657745
mössa,0.000280595262808,0.000164634975627
skjorta,0.000280595262808,3.43586036091e-05
syster,0.000280595262808,2.29057357394e-05
kniv,9.10015939582e-05,9.16229429576e-05
tom,9.10015939582e-05,9.16229429576e-05
mörk,8.8136457965e-05,8.87597259901e-05
sked,0.000217074193371,0.000217604489524
du/din,0.000561190525615,0.0452116275241
sover,0.000280595262808,0.000753026062432
hand,0.000565217149208,0.000565485351066
hej,0.000803044240043,0.000803132359362
skynda,0.000280595262808,4.58114714788e-05
gammal,0.000234266293552,0.000234783791329
landet,0.000121086240299,0.000121686721116
mjau,1.91671445923e-06,1.43160848371e-05
vatten,0.000280595262808,0.00056691695955
lekpark,1.41075064634e-07,2.86321696742e-06
skriva,0.000280595262808,0.000108802244762
ljus,0.000156902265141,0.000157476933208
torr,1.80690720843e-06,1.71793018045e-05
hård,1.82897317837e-06,2.0042518772e-05
tiger,0.000280595262808,4.29482545114e-05
var,0.00390053151457,0.00389826990115
öra,5.37568776914e-05,5.44011223811e-05
stjärt,4.51631513697e-05,4.58114714788e-05
hur,0.001589593698,0.00158908541692
jacka,0.000280595262808,5.58327308648e-05
baby,5.60936773943e-06,2.86321696742e-05
dörr,0.000217074193371,0.000217604489524
när,0.00379164665016,0.00378946765639
sko,5.08922136324e-05,5.15379054136e-05
glad,0.000250025748419,0.00025053148465
fort,0.000214208847172,0.000214741272557
kalas,0.000280595262808,0.000166066584111
kind,5.60936773943e-06,2.86321696742e-05
bild,0.000343150167924,0.000343586036091
ben,0.000310198395798,0.000310659040965
spagetti,2.10771572527e-06,2.29057357394e-05
ute,0.000878977030052,0.000879007608999
borste,0.000280595262808,0.000362196946379
tvätta,0.000280595262808,0.000446661846918
knä,0.000101029681905,0.000101644202344
tand,0.000171228833418,0.000171793018045
det,0.00129445849935,0.00129417406928
nycklar,0.000280595262808,1.14528678697e-05
mu,4.80276331025e-05,4.86746884462e-05
frukost,5.94864095859e-05,6.01275563159e-05
penna,0.000280595262808,0.000117391895664
cykel,0.000121086240299,0.000121686721116
den,0.0212461776707,0.0212307538134
tvål,0.00010532747865,0.000105939027795
ansikte,0.000280595262808,2.86321696742e-05
tant,9.10015939582e-05,9.16229429576e-05
mormor,4.00862396921e-05,1.14528678697e-05
bröd,5.66216130035e-05,5.72643393485e-05
kyrkan,4.51631513697e-05,4.58114714788e-05
kudde,0.000280595262808,7.4443641153e-05
börs,0.000280595262808,2.86321696742e-06
tunga,0.000280595262808,2.57689527068e-05
plaska,0.000280595262808,3.43586036091e-05
av,0.00119846793633,0.00119825630087
ris,2.84068966353e-06,3.14953866417e-05
bror,1.41075064634e-07,2.86321696742e-06
juice,0.000280595262808,1.43160848371e-05
djur,0.000742871097251,0.000743004803046
jag,0.000480688335578,0.000481020450527
idag,1.82897317837e-06,2.0042518772e-05
kuckeliku,9.21018636251e-07,1.14528678697e-05
sax,3.65705199369e-05,3.72218205765e-05
spade,0.000280595262808,4.72430799625e-05
flaska,0.000280595262808,7.15804241856e-06
morot,0.000127987478638,1.57476933208e-05
bord,6.95135736065e-05,7.01488157019e-05
pyjamas,3.83342891845e-06,6.01275563159e-05
lastbil,6.54582726564e-05,4.29482545114e-06
min,0.000454899900916,0.00045525149782
säng,0.000376101979798,0.000376513031216
pojke,0.000280595262808,0.00071723585034
sjuk,0.000290140820562,0.000290616522194
svår,3.5138574731e-05,3.57902120928e-05
glas,0.000142575773884,0.000143160848371
mig,5.37568776914e-05,5.44011223811e-05
pappa,0.000280595262808,0.00260266422339
snö,5.37568776914e-05,5.44011223811e-05
ugn,2.84068966353e-06,3.14953866417e-05
bok,0.00100505414192,0.00100498915557
får,0.00950237141854,0.00949585907246
hemma,0.000280595262808,0.000482452059011
lejon,0.000112490521701,0.000113097070213
lite,0.000280595262808,0.00567203281247
hämta,0.000280595262808,0.00071723585034
groda,0.000280595262808,5.44011223811e-05
glasögon,2.0043119846e-05,1.43160848371e-06
gaffel,3.65705199369e-05,3.72218205765e-05
pizza,0.000280595262808,2.57689527068e-05
gås,2.10771572527e-06,2.29057357394e-05
apelsin,2.84068966353e-06,3.14953866417e-05
elefant,0.000381832732989,0.000382239465151
bita,0.000280595262808,0.000807427184813
mat,0.00111107355002,0.00055546409168
klocka,0.000280595262808,3.72218205765e-05
pengar,0.000280595262808,0.000180382668948
våt,5.94864095859e-05,6.01275563159e-05
kam,1.82897317837e-06,2.0042518772e-05
kök,3.0660801985e-07,5.72643393485e-06
regn,0.00014973900852,0.00015031889079
vantar,0.000280595262808,5.15379054136e-05
visa,0.000280595262808,0.000436640587532
stor,0.00134173743579,0.00134141714924
sätta,0.000280595262808,0.00169216122775
kloss,3.37066899843e-05,3.43586036091e-05
hans,0.000280595262808,0.014369054351
soffa,0.000280595262808,3.14953866417e-05
halsband,2.0043119846e-05,1.43160848371e-06
uggla,0.000280595262808,8.58965090227e-05
falla,0.000280595262808,0.000233352182845
man,0.00647365283759,0.00646943873789
ballong,0.000211343502186,0.000211878055589
öppna,0.000280595262808,0.000488178492946
blåsa,0.000280595262808,0.000183245885915
morgon,3.0660801985e-07,5.72643393485e-06
hår,0.000238564324132,0.00023907861678
glass,0.000558053687732,0.000558327308648
i,0.0116084340192,0.0116003235435
äta,0.00136179516683,0.00136145966801
björn,0.000437707616822,0.000438072196016
ko,8.95690239615e-05,9.01913344738e-05
varför,0.000371803915497,0.000372218205765
morfar,0.000280595262808,7.15804241856e-06
stänga,0.000280595262808,0.000323543517319
mamma,0.000280595262808,0.00257832687917
kött,7.95411578147e-05,8.01700750879e-05
bada,0.000280595262808,0.000947724816217
fönster,0.000280595262808,4.72430799625e-05
se,0.00323002998698,0.00322827713077
